id,name,image,price,size,qty,status
550e8400-e29b-41d4-a716-446655440001,Nike Air Max 90,/images/nike-air-max-90.jpg,129.99,7.0,45,active
550e8400-e29b-41d4-a716-446655440002,Nike Air Max 90,/images/nike-air-max-90.jpg,129.99,7.5,32,active
550e8400-e29b-41d4-a716-446655440003,Nike Air Max 90,/images/nike-air-max-90.jpg,129.99,8.0,28,active
550e8400-e29b-41d4-a716-446655440004,Nike Air Max 90,/images/nike-air-max-90.jpg,129.99,8.5,41,active
550e8400-e29b-41d4-a716-446655440005,Nike Air Max 90,/images/nike-air-max-90.jpg,129.99,9.0,35,active
550e8400-e29b-41d4-a716-446655440006,Nike Air Max 90,/images/nike-air-max-90.jpg,129.99,9.5,22,active
550e8400-e29b-41d4-a716-446655440007,Nike Air Max 90,/images/nike-air-max-90.jpg,129.99,10.0,19,active
550e8400-e29b-41d4-a716-446655440008,Nike Air Max 90,/images/nike-air-max-90.jpg,129.99,10.5,15,active
550e8400-e29b-41d4-a716-446655440009,Nike Air Max 90,/images/nike-air-max-90.jpg,129.99,11.0,8,active
550e8400-e29b-41d4-a716-446655440010,Nike Air Max 90,/images/nike-air-max-90.jpg,129.99,12.0,5,active
550e8400-e29b-41d4-a716-446655440011,Nike Air Force 1,/images/nike-air-force-1.jpg,109.99,6.0,52,active
550e8400-e29b-41d4-a716-446655440012,Nike Air Force 1,/images/nike-air-force-1.jpg,109.99,6.5,48,active
550e8400-e29b-41d4-a716-446655440013,Nike Air Force 1,/images/nike-air-force-1.jpg,109.99,7.0,61,active
550e8400-e29b-41d4-a716-446655440014,Nike Air Force 1,/images/nike-air-force-1.jpg,109.99,7.5,55,active
550e8400-e29b-41d4-a716-446655440015,Nike Air Force 1,/images/nike-air-force-1.jpg,109.99,8.0,49,active
550e8400-e29b-41d4-a716-446655440016,Nike Air Force 1,/images/nike-air-force-1.jpg,109.99,8.5,44,active
550e8400-e29b-41d4-a716-446655440017,Nike Air Force 1,/images/nike-air-force-1.jpg,109.99,9.0,38,active
550e8400-e29b-41d4-a716-446655440018,Nike Air Force 1,/images/nike-air-force-1.jpg,109.99,9.5,25,active
550e8400-e29b-41d4-a716-446655440019,Nike Air Force 1,/images/nike-air-force-1.jpg,109.99,10.0,18,active
550e8400-e29b-41d4-a716-446655440020,Nike Air Force 1,/images/nike-air-force-1.jpg,109.99,11.0,12,active
550e8400-e29b-41d4-a716-446655440021,Nike Cortez,/images/nike-cortez.jpg,99.99,5.0,15,active
550e8400-e29b-41d4-a716-446655440022,Nike Cortez,/images/nike-cortez.jpg,99.99,5.5,18,active
550e8400-e29b-41d4-a716-446655440023,Nike Cortez,/images/nike-cortez.jpg,99.99,6.0,24,active
550e8400-e29b-41d4-a716-446655440024,Nike Cortez,/images/nike-cortez.jpg,99.99,6.5,31,active
550e8400-e29b-41d4-a716-446655440025,Nike Cortez,/images/nike-cortez.jpg,99.99,7.0,28,active
550e8400-e29b-41d4-a716-446655440026,Nike Cortez,/images/nike-cortez.jpg,99.99,7.5,22,active
550e8400-e29b-41d4-a716-446655440027,Nike Cortez,/images/nike-cortez.jpg,99.99,8.0,19,active
550e8400-e29b-41d4-a716-446655440028,Nike Cortez,/images/nike-cortez.jpg,99.99,8.5,14,active
550e8400-e29b-41d4-a716-446655440029,Nike Cortez,/images/nike-cortez.jpg,99.99,9.0,10,active
550e8400-e29b-41d4-a716-446655440030,Nike Cortez,/images/nike-cortez.jpg,99.99,10.0,7,active
550e8400-e29b-41d4-a716-446655440031,Adidas Ultraboost 23,/images/adidas-ultraboost.jpg,189.99,6.0,38,active
550e8400-e29b-41d4-a716-446655440032,Adidas Ultraboost 23,/images/adidas-ultraboost.jpg,189.99,6.5,42,active
550e8400-e29b-41d4-a716-446655440033,Adidas Ultraboost 23,/images/adidas-ultraboost.jpg,189.99,7.0,55,active
550e8400-e29b-41d4-a716-446655440034,Adidas Ultraboost 23,/images/adidas-ultraboost.jpg,189.99,7.5,48,active
550e8400-e29b-41d4-a716-446655440035,Adidas Ultraboost 23,/images/adidas-ultraboost.jpg,189.99,8.0,51,active
550e8400-e29b-41d4-a716-446655440036,Adidas Ultraboost 23,/images/adidas-ultraboost.jpg,189.99,8.5,44,active
550e8400-e29b-41d4-a716-446655440037,Adidas Ultraboost 23,/images/adidas-ultraboost.jpg,189.99,9.0,36,active
550e8400-e29b-41d4-a716-446655440038,Adidas Ultraboost 23,/images/adidas-ultraboost.jpg,189.99,9.5,28,active
550e8400-e29b-41d4-a716-446655440039,Adidas Ultraboost 23,/images/adidas-ultraboost.jpg,189.99,10.0,22,active
550e8400-e29b-41d4-a716-446655440040,Adidas Ultraboost 23,/images/adidas-ultraboost.jpg,189.99,11.0,15,active
550e8400-e29b-41d4-a716-446655440041,Adidas Stan Smith,/images/adidas-stan-smith.jpg,99.99,5.0,25,active
550e8400-e29b-41d4-a716-446655440042,Adidas Stan Smith,/images/adidas-stan-smith.jpg,99.99,5.5,28,active
550e8400-e29b-41d4-a716-446655440043,Adidas Stan Smith,/images/adidas-stan-smith.jpg,99.99,6.0,35,active
550e8400-e29b-41d4-a716-446655440044,Adidas Stan Smith,/images/adidas-stan-smith.jpg,99.99,6.5,42,active
550e8400-e29b-41d4-a716-446655440045,Adidas Stan Smith,/images/adidas-stan-smith.jpg,99.99,7.0,38,active
550e8400-e29b-41d4-a716-446655440046,Adidas Stan Smith,/images/adidas-stan-smith.jpg,99.99,7.5,31,active
550e8400-e29b-41d4-a716-446655440047,Adidas Stan Smith,/images/adidas-stan-smith.jpg,99.99,8.0,27,active
550e8400-e29b-41d4-a716-446655440048,Adidas Stan Smith,/images/adidas-stan-smith.jpg,99.99,8.5,19,active
550e8400-e29b-41d4-a716-446655440049,Adidas Stan Smith,/images/adidas-stan-smith.jpg,99.99,9.0,15,active
550e8400-e29b-41d4-a716-446655440050,Adidas Stan Smith,/images/adidas-stan-smith.jpg,99.99,10.0,11,active
550e8400-e29b-41d4-a716-446655440051,Adidas Gazelle,/images/adidas-gazelle.jpg,89.99,5.5,32,active
550e8400-e29b-41d4-a716-446655440052,Adidas Gazelle,/images/adidas-gazelle.jpg,89.99,6.0,38,active
550e8400-e29b-41d4-a716-446655440053,Adidas Gazelle,/images/adidas-gazelle.jpg,89.99,6.5,44,active
550e8400-e29b-41d4-a716-446655440054,Adidas Gazelle,/images/adidas-gazelle.jpg,89.99,7.0,52,active
550e8400-e29b-41d4-a716-446655440055,Adidas Gazelle,/images/adidas-gazelle.jpg,89.99,7.5,48,active
550e8400-e29b-41d4-a716-446655440056,Adidas Gazelle,/images/adidas-gazelle.jpg,89.99,8.0,40,active
550e8400-e29b-41d4-a716-446655440057,Adidas Gazelle,/images/adidas-gazelle.jpg,89.99,8.5,33,active
550e8400-e29b-41d4-a716-446655440058,Adidas Gazelle,/images/adidas-gazelle.jpg,89.99,9.0,26,active
550e8400-e29b-41d4-a716-446655440059,Adidas Gazelle,/images/adidas-gazelle.jpg,89.99,9.5,19,active
550e8400-e29b-41d4-a716-446655440060,Adidas Gazelle,/images/adidas-gazelle.jpg,89.99,10.0,14,active
550e8400-e29b-41d4-a716-446655440061,Puma RS-X,/images/puma-rs-x.jpg,99.99,6.0,28,active
550e8400-e29b-41d4-a716-446655440062,Puma RS-X,/images/puma-rs-x.jpg,99.99,6.5,31,active
550e8400-e29b-41d4-a716-446655440063,Puma RS-X,/images/puma-rs-x.jpg,99.99,7.0,36,active
550e8400-e29b-41d4-a716-446655440064,Puma RS-X,/images/puma-rs-x.jpg,99.99,7.5,39,active
550e8400-e29b-41d4-a716-446655440065,Puma RS-X,/images/puma-rs-x.jpg,99.99,8.0,34,active
550e8400-e29b-41d4-a716-446655440066,Puma RS-X,/images/puma-rs-x.jpg,99.99,8.5,29,active
550e8400-e29b-41d4-a716-446655440067,Puma RS-X,/images/puma-rs-x.jpg,99.99,9.0,22,active
550e8400-e29b-41d4-a716-446655440068,Puma RS-X,/images/puma-rs-x.jpg,99.99,9.5,18,active
550e8400-e29b-41d4-a716-446655440069,Puma RS-X,/images/puma-rs-x.jpg,99.99,10.0,14,active
550e8400-e29b-41d4-a716-446655440070,Puma RS-X,/images/puma-rs-x.jpg,99.99,11.0,9,active
550e8400-e29b-41d4-a716-446655440071,Puma Suede Classic,/images/puma-suede.jpg,75.99,5.5,22,active
550e8400-e29b-41d4-a716-446655440072,Puma Suede Classic,/images/puma-suede.jpg,75.99,6.0,26,active
550e8400-e29b-41d4-a716-446655440073,Puma Suede Classic,/images/puma-suede.jpg,75.99,6.5,31,active
550e8400-e29b-41d4-a716-446655440074,Puma Suede Classic,/images/puma-suede.jpg,75.99,7.0,35,active
550e8400-e29b-41d4-a716-446655440075,Puma Suede Classic,/images/puma-suede.jpg,75.99,7.5,32,active
550e8400-e29b-41d4-a716-446655440076,Puma Suede Classic,/images/puma-suede.jpg,75.99,8.0,28,active
550e8400-e29b-41d4-a716-446655440077,Puma Suede Classic,/images/puma-suede.jpg,75.99,8.5,24,active
550e8400-e29b-41d4-a716-446655440078,Puma Suede Classic,/images/puma-suede.jpg,75.99,9.0,18,active
550e8400-e29b-41d4-a716-446655440079,Puma Suede Classic,/images/puma-suede.jpg,75.99,9.5,14,active
550e8400-e29b-41d4-a716-446655440080,Puma Suede Classic,/images/puma-suede.jpg,75.99,10.0,10,active
550e8400-e29b-41d4-a716-446655440081,Reebok Classic Leather,/images/reebok-leather.jpg,89.99,5.0,20,active
550e8400-e29b-41d4-a716-446655440082,Reebok Classic Leather,/images/reebok-leather.jpg,89.99,5.5,23,active
550e8400-e29b-41d4-a716-446655440083,Reebok Classic Leather,/images/reebok-leather.jpg,89.99,6.0,28,active
550e8400-e29b-41d4-a716-446655440084,Reebok Classic Leather,/images/reebok-leather.jpg,89.99,6.5,32,active
550e8400-e29b-41d4-a716-446655440085,Reebok Classic Leather,/images/reebok-leather.jpg,89.99,7.0,29,active
550e8400-e29b-41d4-a716-446655440086,Reebok Classic Leather,/images/reebok-leather.jpg,89.99,7.5,25,active
550e8400-e29b-41d4-a716-446655440087,Reebok Classic Leather,/images/reebok-leather.jpg,89.99,8.0,21,active
550e8400-e29b-41d4-a716-446655440088,Reebok Classic Leather,/images/reebok-leather.jpg,89.99,8.5,17,active
550e8400-e29b-41d4-a716-446655440089,Reebok Classic Leather,/images/reebok-leather.jpg,89.99,9.0,13,active
550e8400-e29b-41d4-a716-446655440090,Reebok Classic Leather,/images/reebok-leather.jpg,89.99,10.0,9,active
550e8400-e29b-41d4-a716-446655440091,Reebok Nano X1,/images/reebok-nano.jpg,139.99,6.0,35,active
550e8400-e29b-41d4-a716-446655440092,Reebok Nano X1,/images/reebok-nano.jpg,139.99,6.5,38,active
550e8400-e29b-41d4-a716-446655440093,Reebok Nano X1,/images/reebok-nano.jpg,139.99,7.0,43,active
550e8400-e29b-41d4-a716-446655440094,Reebok Nano X1,/images/reebok-nano.jpg,139.99,7.5,40,active
550e8400-e29b-41d4-a716-446655440095,Reebok Nano X1,/images/reebok-nano.jpg,139.99,8.0,36,active
550e8400-e29b-41d4-a716-446655440096,Reebok Nano X1,/images/reebok-nano.jpg,139.99,8.5,32,active
550e8400-e29b-41d4-a716-446655440097,Reebok Nano X1,/images/reebok-nano.jpg,139.99,9.0,27,active
550e8400-e29b-41d4-a716-446655440098,Reebok Nano X1,/images/reebok-nano.jpg,139.99,9.5,21,active
550e8400-e29b-41d4-a716-446655440099,Reebok Nano X1,/images/reebok-nano.jpg,139.99,10.0,16,active
550e8400-e29b-41d4-a716-446655440100,Reebok Nano X1,/images/reebok-nano.jpg,139.99,11.0,11,active
550e8400-e29b-41d4-a716-446655440101,New Balance 990v5,/images/nb-990v5.jpg,185.00,6.0,32,active
550e8400-e29b-41d4-a716-446655440102,New Balance 990v5,/images/nb-990v5.jpg,185.00,6.5,36,active
550e8400-e29b-41d4-a716-446655440103,New Balance 990v5,/images/nb-990v5.jpg,185.00,7.0,42,active
550e8400-e29b-41d4-a716-446655440104,New Balance 990v5,/images/nb-990v5.jpg,185.00,7.5,38,active
550e8400-e29b-41d4-a716-446655440105,New Balance 990v5,/images/nb-990v5.jpg,185.00,8.0,34,active
550e8400-e29b-41d4-a716-446655440106,New Balance 990v5,/images/nb-990v5.jpg,185.00,8.5,29,active
550e8400-e29b-41d4-a716-446655440107,New Balance 990v5,/images/nb-990v5.jpg,185.00,9.0,24,active
550e8400-e29b-41d4-a716-446655440108,New Balance 990v5,/images/nb-990v5.jpg,185.00,9.5,19,active
550e8400-e29b-41d4-a716-446655440109,New Balance 990v5,/images/nb-990v5.jpg,185.00,10.0,14,active
550e8400-e29b-41d4-a716-446655440110,New Balance 990v5,/images/nb-990v5.jpg,185.00,11.0,10,active
550e8400-e29b-41d4-a716-446655440111,New Balance 574,/images/nb-574.jpg,99.99,5.5,28,active
550e8400-e29b-41d4-a716-446655440112,New Balance 574,/images/nb-574.jpg,99.99,6.0,33,active
550e8400-e29b-41d4-a716-446655440113,New Balance 574,/images/nb-574.jpg,99.99,6.5,38,active
550e8400-e29b-41d4-a716-446655440114,New Balance 574,/images/nb-574.jpg,99.99,7.0,42,active
550e8400-e29b-41d4-a716-446655440115,New Balance 574,/images/nb-574.jpg,99.99,7.5,39,active
550e8400-e29b-41d4-a716-446655440116,New Balance 574,/images/nb-574.jpg,99.99,8.0,35,active
550e8400-e29b-41d4-a716-446655440117,New Balance 574,/images/nb-574.jpg,99.99,8.5,30,active
550e8400-e29b-41d4-a716-446655440118,New Balance 574,/images/nb-574.jpg,99.99,9.0,24,active
550e8400-e29b-41d4-a716-446655440119,New Balance 574,/images/nb-574.jpg,99.99,9.5,18,active
550e8400-e29b-41d4-a716-446655440120,New Balance 574,/images/nb-574.jpg,99.99,10.0,13,active
550e8400-e29b-41d4-a716-446655440121,Converse Chuck Taylor All Star,/images/converse-chuck.jpg,59.99,5.0,45,active
550e8400-e29b-41d4-a716-446655440122,Converse Chuck Taylor All Star,/images/converse-chuck.jpg,59.99,5.5,48,active
550e8400-e29b-41d4-a716-446655440123,Converse Chuck Taylor All Star,/images/converse-chuck.jpg,59.99,6.0,55,active
550e8400-e29b-41d4-a716-446655440124,Converse Chuck Taylor All Star,/images/converse-chuck.jpg,59.99,6.5,60,active
550e8400-e29b-41d4-a716-446655440125,Converse Chuck Taylor All Star,/images/converse-chuck.jpg,59.99,7.0,62,active
550e8400-e29b-41d4-a716-446655440126,Converse Chuck Taylor All Star,/images/converse-chuck.jpg,59.99,7.5,58,active
550e8400-e29b-41d4-a716-446655440127,Converse Chuck Taylor All Star,/images/converse-chuck.jpg,59.99,8.0,52,active
550e8400-e29b-41d4-a716-446655440128,Converse Chuck Taylor All Star,/images/converse-chuck.jpg,59.99,8.5,45,active
550e8400-e29b-41d4-a716-446655440129,Converse Chuck Taylor All Star,/images/converse-chuck.jpg,59.99,9.0,38,active
550e8400-e29b-41d4-a716-446655440130,Converse Chuck Taylor All Star,/images/converse-chuck.jpg,59.99,10.0,28,active
550e8400-e29b-41d4-a716-446655440131,Vans Old Skool,/images/vans-old-skool.jpg,69.95,5.5,38,active
550e8400-e29b-41d4-a716-446655440132,Vans Old Skool,/images/vans-old-skool.jpg,69.95,6.0,42,active
550e8400-e29b-41d4-a716-446655440133,Vans Old Skool,/images/vans-old-skool.jpg,69.95,6.5,48,active
550e8400-e29b-41d4-a716-446655440134,Vans Old Skool,/images/vans-old-skool.jpg,69.95,7.0,54,active
550e8400-e29b-41d4-a716-446655440135,Vans Old Skool,/images/vans-old-skool.jpg,69.95,7.5,50,active
550e8400-e29b-41d4-a716-446655440136,Vans Old Skool,/images/vans-old-skool.jpg,69.95,8.0,44,active
550e8400-e29b-41d4-a716-446655440137,Vans Old Skool,/images/vans-old-skool.jpg,69.95,8.5,38,active
550e8400-e29b-41d4-a716-446655440138,Vans Old Skool,/images/vans-old-skool.jpg,69.95,9.0,32,active
550e8400-e29b-41d4-a716-446655440139,Vans Old Skool,/images/vans-old-skool.jpg,69.95,9.5,26,active
550e8400-e29b-41d4-a716-446655440140,Vans Old Skool,/images/vans-old-skool.jpg,69.95,10.0,19,active
550e8400-e29b-41d4-a716-446655440141,Vans SK8-Hi,/images/vans-sk8.jpg,79.95,5.5,32,active
550e8400-e29b-41d4-a716-446655440142,Vans SK8-Hi,/images/vans-sk8.jpg,79.95,6.0,36,active
550e8400-e29b-41d4-a716-446655440143,Vans SK8-Hi,/images/vans-sk8.jpg,79.95,6.5,42,active
550e8400-e29b-41d4-a716-446655440144,Vans SK8-Hi,/images/vans-sk8.jpg,79.95,7.0,48,active
550e8400-e29b-41d4-a716-446655440145,Vans SK8-Hi,/images/vans-sk8.jpg,79.95,7.5,44,active
550e8400-e29b-41d4-a716-446655440146,Vans SK8-Hi,/images/vans-sk8.jpg,79.95,8.0,38,active
550e8400-e29b-41d4-a716-446655440147,Vans SK8-Hi,/images/vans-sk8.jpg,79.95,8.5,33,active
550e8400-e29b-41d4-a716-446655440148,Vans SK8-Hi,/images/vans-sk8.jpg,79.95,9.0,27,active
550e8400-e29b-41d4-a716-446655440149,Vans SK8-Hi,/images/vans-sk8.jpg,79.95,9.5,22,active
550e8400-e29b-41d4-a716-446655440150,Vans SK8-Hi,/images/vans-sk8.jpg,79.95,10.0,16,active
550e8400-e29b-41d4-a716-446655440151,Saucony Ride 15,/images/saucony-ride.jpg,139.99,6.0,28,active
550e8400-e29b-41d4-a716-446655440152,Saucony Ride 15,/images/saucony-ride.jpg,139.99,6.5,31,active
550e8400-e29b-41d4-a716-446655440153,Saucony Ride 15,/images/saucony-ride.jpg,139.99,7.0,36,active
550e8400-e29b-41d4-a716-446655440154,Saucony Ride 15,/images/saucony-ride.jpg,139.99,7.5,39,active
550e8400-e29b-41d4-a716-446655440155,Saucony Ride 15,/images/saucony-ride.jpg,139.99,8.0,34,active
550e8400-e29b-41d4-a716-446655440156,Saucony Ride 15,/images/saucony-ride.jpg,139.99,8.5,29,active
550e8400-e29b-41d4-a716-446655440157,Saucony Ride 15,/images/saucony-ride.jpg,139.99,9.0,22,active
550e8400-e29b-41d4-a716-446655440158,Saucony Ride 15,/images/saucony-ride.jpg,139.99,9.5,18,active
550e8400-e29b-41d4-a716-446655440159,Saucony Ride 15,/images/saucony-ride.jpg,139.99,10.0,14,active
550e8400-e29b-41d4-a716-446655440160,Saucony Ride 15,/images/saucony-ride.jpg,139.99,11.0,9,active
550e8400-e29b-41d4-a716-446655440161,Asics Gel-Lyte III,/images/asics-gel.jpg,119.99,5.5,26,active
550e8400-e29b-41d4-a716-446655440162,Asics Gel-Lyte III,/images/asics-gel.jpg,119.99,6.0,30,active
550e8400-e29b-41d4-a716-446655440163,Asics Gel-Lyte III,/images/asics-gel.jpg,119.99,6.5,35,active
550e8400-e29b-41d4-a716-446655440164,Asics Gel-Lyte III,/images/asics-gel.jpg,119.99,7.0,40,active
550e8400-e29b-41d4-a716-446655440165,Asics Gel-Lyte III,/images/asics-gel.jpg,119.99,7.5,36,active
550e8400-e29b-41d4-a716-446655440166,Asics Gel-Lyte III,/images/asics-gel.jpg,119.99,8.0,31,active
550e8400-e29b-41d4-a716-446655440167,Asics Gel-Lyte III,/images/asics-gel.jpg,119.99,8.5,26,active
550e8400-e29b-41d4-a716-446655440168,Asics Gel-Lyte III,/images/asics-gel.jpg,119.99,9.0,20,active
550e8400-e29b-41d4-a716-446655440169,Asics Gel-Lyte III,/images/asics-gel.jpg,119.99,9.5,15,active
550e8400-e29b-41d4-a716-446655440170,Asics Gel-Lyte III,/images/asics-gel.jpg,119.99,10.0,11,active
550e8400-e29b-41d4-a716-446655440171,Asics Gel-Kayano 30,/images/asics-kayano.jpg,159.99,6.0,32,active
550e8400-e29b-41d4-a716-446655440172,Asics Gel-Kayano 30,/images/asics-kayano.jpg,159.99,6.5,36,active
550e8400-e29b-41d4-a716-446655440173,Asics Gel-Kayano 30,/images/asics-kayano.jpg,159.99,7.0,42,active
550e8400-e29b-41d4-a716-446655440174,Asics Gel-Kayano 30,/images/asics-kayano.jpg,159.99,7.5,38,active
550e8400-e29b-41d4-a716-446655440175,Asics Gel-Kayano 30,/images/asics-kayano.jpg,159.99,8.0,34,active
550e8400-e29b-41d4-a716-446655440176,Asics Gel-Kayano 30,/images/asics-kayano.jpg,159.99,8.5,29,active
550e8400-e29b-41d4-a716-446655440177,Asics Gel-Kayano 30,/images/asics-kayano.jpg,159.99,9.0,24,active
550e8400-e29b-41d4-a716-446655440178,Asics Gel-Kayano 30,/images/asics-kayano.jpg,159.99,9.5,19,active
550e8400-e29b-41d4-a716-446655440179,Asics Gel-Kayano 30,/images/asics-kayano.jpg,159.99,10.0,14,active
550e8400-e29b-41d4-a716-446655440180,Asics Gel-Kayano 30,/images/asics-kayano.jpg,159.99,11.0,10,active
550e8400-e29b-41d4-a716-446655440181,New Balance 2002R,/images/nb-2002r.jpg,125.00,5.5,24,active
550e8400-e29b-41d4-a716-446655440182,New Balance 2002R,/images/nb-2002r.jpg,125.00,6.0,28,active
550e8400-e29b-41d4-a716-446655440183,New Balance 2002R,/images/nb-2002r.jpg,125.00,6.5,33,active
550e8400-e29b-41d4-a716-446655440184,New Balance 2002R,/images/nb-2002r.jpg,125.00,7.0,38,active
550e8400-e29b-41d4-a716-446655440185,New Balance 2002R,/images/nb-2002r.jpg,125.00,7.5,35,active
550e8400-e29b-41d4-a716-446655440186,New Balance 2002R,/images/nb-2002r.jpg,125.00,8.0,30,active
550e8400-e29b-41d4-a716-446655440187,New Balance 2002R,/images/nb-2002r.jpg,125.00,8.5,25,active
550e8400-e29b-41d4-a716-446655440188,New Balance 2002R,/images/nb-2002r.jpg,125.00,9.0,20,active
550e8400-e29b-41d4-a716-446655440189,New Balance 2002R,/images/nb-2002r.jpg,125.00,9.5,15,active
550e8400-e29b-41d4-a716-446655440190,New Balance 2002R,/images/nb-2002r.jpg,125.00,10.0,11,active
550e8400-e29b-41d4-a716-446655440191,Adidas NMD R1,/images/adidas-nmd.jpg,129.99,5.5,28,active
550e8400-e29b-41d4-a716-446655440192,Adidas NMD R1,/images/adidas-nmd.jpg,129.99,6.0,32,active
550e8400-e29b-41d4-a716-446655440193,Adidas NMD R1,/images/adidas-nmd.jpg,129.99,6.5,38,active
550e8400-e29b-41d4-a716-446655440194,Adidas NMD R1,/images/adidas-nmd.jpg,129.99,7.0,42,active
550e8400-e29b-41d4-a716-446655440195,Adidas NMD R1,/images/adidas-nmd.jpg,129.99,7.5,39,active
550e8400-e29b-41d4-a716-446655440196,Adidas NMD R1,/images/adidas-nmd.jpg,129.99,8.0,35,active
550e8400-e29b-41d4-a716-446655440197,Adidas NMD R1,/images/adidas-nmd.jpg,129.99,8.5,30,active
550e8400-e29b-41d4-a716-446655440198,Adidas NMD R1,/images/adidas-nmd.jpg,129.99,9.0,24,active
550e8400-e29b-41d4-a716-446655440199,Adidas NMD R1,/images/adidas-nmd.jpg,129.99,9.5,18,active
550e8400-e29b-41d4-a716-446655440200,Adidas NMD R1,/images/adidas-nmd.jpg,129.99,10.0,13,active
550e8400-e29b-41d4-a716-446655440201,Nike Dunks Low,/images/nike-dunks-low.jpg,119.99,5.5,32,active
550e8400-e29b-41d4-a716-446655440202,Nike Dunks Low,/images/nike-dunks-low.jpg,119.99,6.0,36,active
550e8400-e29b-41d4-a716-446655440203,Nike Dunks Low,/images/nike-dunks-low.jpg,119.99,6.5,42,active
550e8400-e29b-41d4-a716-446655440204,Nike Dunks Low,/images/nike-dunks-low.jpg,119.99,7.0,48,active
550e8400-e29b-41d4-a716-446655440205,Nike Dunks Low,/images/nike-dunks-low.jpg,119.99,7.5,44,active
550e8400-e29b-41d4-a716-446655440206,Nike Dunks Low,/images/nike-dunks-low.jpg,119.99,8.0,38,active
550e8400-e29b-41d4-a716-446655440207,Nike Dunks Low,/images/nike-dunks-low.jpg,119.99,8.5,33,active
550e8400-e29b-41d4-a716-446655440208,Nike Dunks Low,/images/nike-dunks-low.jpg,119.99,9.0,27,active
550e8400-e29b-41d4-a716-446655440209,Nike Dunks Low,/images/nike-dunks-low.jpg,119.99,9.5,22,active
550e8400-e29b-41d4-a716-446655440210,Nike Dunks Low,/images/nike-dunks-low.jpg,119.99,10.0,16,active
550e8400-e29b-41d4-a716-446655440211,Nike SB Dunk High,/images/nike-sb-dunk.jpg,139.99,6.0,28,active
550e8400-e29b-41d4-a716-446655440212,Nike SB Dunk High,/images/nike-sb-dunk.jpg,139.99,6.5,31,active
550e8400-e29b-41d4-a716-446655440213,Nike SB Dunk High,/images/nike-sb-dunk.jpg,139.99,7.0,36,active
550e8400-e29b-41d4-a716-446655440214,Nike SB Dunk High,/images/nike-sb-dunk.jpg,139.99,7.5,39,active
550e8400-e29b-41d4-a716-446655440215,Nike SB Dunk High,/images/nike-sb-dunk.jpg,139.99,8.0,34,active
550e8400-e29b-41d4-a716-446655440216,Nike SB Dunk High,/images/nike-sb-dunk.jpg,139.99,8.5,29,active
550e8400-e29b-41d4-a716-446655440217,Nike SB Dunk High,/images/nike-sb-dunk.jpg,139.99,9.0,22,active
550e8400-e29b-41d4-a716-446655440218,Nike SB Dunk High,/images/nike-sb-dunk.jpg,139.99,9.5,18,active
550e8400-e29b-41d4-a716-446655440219,Nike SB Dunk High,/images/nike-sb-dunk.jpg,139.99,10.0,14,active
550e8400-e29b-41d4-a716-446655440220,Nike SB Dunk High,/images/nike-sb-dunk.jpg,139.99,11.0,9,active
550e8400-e29b-41d4-a716-446655440221,Adidas Boost,/images/adidas-boost.jpg,149.99,5.5,26,active
550e8400-e29b-41d4-a716-446655440222,Adidas Boost,/images/adidas-boost.jpg,149.99,6.0,30,active
550e8400-e29b-41d4-a716-446655440223,Adidas Boost,/images/adidas-boost.jpg,149.99,6.5,35,active
550e8400-e29b-41d4-a716-446655440224,Adidas Boost,/images/adidas-boost.jpg,149.99,7.0,40,active
550e8400-e29b-41d4-a716-446655440225,Adidas Boost,/images/adidas-boost.jpg,149.99,7.5,36,active
550e8400-e29b-41d4-a716-446655440226,Adidas Boost,/images/adidas-boost.jpg,149.99,8.0,31,active
550e8400-e29b-41d4-a716-446655440227,Adidas Boost,/images/adidas-boost.jpg,149.99,8.5,26,active
550e8400-e29b-41d4-a716-446655440228,Adidas Boost,/images/adidas-boost.jpg,149.99,9.0,20,active
550e8400-e29b-41d4-a716-446655440229,Adidas Boost,/images/adidas-boost.jpg,149.99,9.5,15,active
550e8400-e29b-41d4-a716-446655440230,Adidas Boost,/images/adidas-boost.jpg,149.99,10.0,11,active
550e8400-e29b-41d4-a716-446655440231,Puma Future Rider,/images/puma-future.jpg,89.99,5.5,30,active
550e8400-e29b-41d4-a716-446655440232,Puma Future Rider,/images/puma-future.jpg,89.99,6.0,34,active
550e8400-e29b-41d4-a716-446655440233,Puma Future Rider,/images/puma-future.jpg,89.99,6.5,40,active
550e8400-e29b-41d4-a716-446655440234,Puma Future Rider,/images/puma-future.jpg,89.99,7.0,45,active
550e8400-e29b-41d4-a716-446655440235,Puma Future Rider,/images/puma-future.jpg,89.99,7.5,42,active
550e8400-e29b-41d4-a716-446655440236,Puma Future Rider,/images/puma-future.jpg,89.99,8.0,36,active
550e8400-e29b-41d4-a716-446655440237,Puma Future Rider,/images/puma-future.jpg,89.99,8.5,30,active
550e8400-e29b-41d4-a716-446655440238,Puma Future Rider,/images/puma-future.jpg,89.99,9.0,24,active
550e8400-e29b-41d4-a716-446655440239,Puma Future Rider,/images/puma-future.jpg,89.99,9.5,18,active
550e8400-e29b-41d4-a716-446655440240,Puma Future Rider,/images/puma-future.jpg,89.99,10.0,14,active
550e8400-e29b-41d4-a716-446655440241,Reebok Question Mid,/images/reebok-question.jpg,179.99,6.0,22,active
550e8400-e29b-41d4-a716-446655440242,Reebok Question Mid,/images/reebok-question.jpg,179.99,6.5,25,active
550e8400-e29b-41d4-a716-446655440243,Reebok Question Mid,/images/reebok-question.jpg,179.99,7.0,30,active
550e8400-e29b-41d4-a716-446655440244,Reebok Question Mid,/images/reebok-question.jpg,179.99,7.5,33,active
550e8400-e29b-41d4-a716-446655440245,Reebok Question Mid,/images/reebok-question.jpg,179.99,8.0,29,active
550e8400-e29b-41d4-a716-446655440246,Reebok Question Mid,/images/reebok-question.jpg,179.99,8.5,25,active
550e8400-e29b-41d4-a716-446655440247,Reebok Question Mid,/images/reebok-question.jpg,179.99,9.0,20,active
550e8400-e29b-41d4-a716-446655440248,Reebok Question Mid,/images/reebok-question.jpg,179.99,9.5,15,active
550e8400-e29b-41d4-a716-446655440249,Reebok Question Mid,/images/reebok-question.jpg,179.99,10.0,12,active
550e8400-e29b-41d4-a716-446655440250,Reebok Question Mid,/images/reebok-question.jpg,179.99,11.0,8,active
550e8400-e29b-41d4-a716-446655440251,Nike Blazer Mid,/images/nike-blazer.jpg,109.99,5.5,30,active
550e8400-e29b-41d4-a716-446655440252,Nike Blazer Mid,/images/nike-blazer.jpg,109.99,6.0,34,active
550e8400-e29b-41d4-a716-446655440253,Nike Blazer Mid,/images/nike-blazer.jpg,109.99,6.5,40,active
550e8400-e29b-41d4-a716-446655440254,Nike Blazer Mid,/images/nike-blazer.jpg,109.99,7.0,44,active
550e8400-e29b-41d4-a716-446655440255,Nike Blazer Mid,/images/nike-blazer.jpg,109.99,7.5,41,active
550e8400-e29b-41d4-a716-446655440256,Nike Blazer Mid,/images/nike-blazer.jpg,109.99,8.0,36,active
550e8400-e29b-41d4-a716-446655440257,Nike Blazer Mid,/images/nike-blazer.jpg,109.99,8.5,31,active
550e8400-e29b-41d4-a716-446655440258,Nike Blazer Mid,/images/nike-blazer.jpg,109.99,9.0,25,active
550e8400-e29b-41d4-a716-446655440259,Nike Blazer Mid,/images/nike-blazer.jpg,109.99,9.5,20,active
550e8400-e29b-41d4-a716-446655440260,Nike Blazer Mid,/images/nike-blazer.jpg,109.99,10.0,15,active
550e8400-e29b-41d4-a716-446655440261,Air Jordan 1 Retro,/images/jordan-1.jpg,199.99,5.5,18,active
550e8400-e29b-41d4-a716-446655440262,Air Jordan 1 Retro,/images/jordan-1.jpg,199.99,6.0,22,active
550e8400-e29b-41d4-a716-446655440263,Air Jordan 1 Retro,/images/jordan-1.jpg,199.99,6.5,27,active
550e8400-e29b-41d4-a716-446655440264,Air Jordan 1 Retro,/images/jordan-1.jpg,199.99,7.0,32,active
550e8400-e29b-41d4-a716-446655440265,Air Jordan 1 Retro,/images/jordan-1.jpg,199.99,7.5,29,active
550e8400-e29b-41d4-a716-446655440266,Air Jordan 1 Retro,/images/jordan-1.jpg,199.99,8.0,25,active
550e8400-e29b-41d4-a716-446655440267,Air Jordan 1 Retro,/images/jordan-1.jpg,199.99,8.5,20,active
550e8400-e29b-41d4-a716-446655440268,Air Jordan 1 Retro,/images/jordan-1.jpg,199.99,9.0,16,active
550e8400-e29b-41d4-a716-446655440269,Air Jordan 1 Retro,/images/jordan-1.jpg,199.99,9.5,12,active
550e8400-e29b-41d4-a716-446655440270,Air Jordan 1 Retro,/images/jordan-1.jpg,199.99,10.0,9,active
550e8400-e29b-41d4-a716-446655440271,Air Jordan 11 Retro,/images/jordan-11.jpg,219.99,6.0,16,active
550e8400-e29b-41d4-a716-446655440272,Air Jordan 11 Retro,/images/jordan-11.jpg,219.99,6.5,19,active
550e8400-e29b-41d4-a716-446655440273,Air Jordan 11 Retro,/images/jordan-11.jpg,219.99,7.0,24,active
550e8400-e29b-41d4-a716-446655440274,Air Jordan 11 Retro,/images/jordan-11.jpg,219.99,7.5,27,active
550e8400-e29b-41d4-a716-446655440275,Air Jordan 11 Retro,/images/jordan-11.jpg,219.99,8.0,23,active
550e8400-e29b-41d4-a716-446655440276,Air Jordan 11 Retro,/images/jordan-11.jpg,219.99,8.5,19,active
550e8400-e29b-41d4-a716-446655440277,Air Jordan 11 Retro,/images/jordan-11.jpg,219.99,9.0,15,active
550e8400-e29b-41d4-a716-446655440278,Air Jordan 11 Retro,/images/jordan-11.jpg,219.99,9.5,11,active
550e8400-e29b-41d4-a716-446655440279,Air Jordan 11 Retro,/images/jordan-11.jpg,219.99,10.0,8,active
550e8400-e29b-41d4-a716-446655440280,Air Jordan 11 Retro,/images/jordan-11.jpg,219.99,11.0,5,active
550e8400-e29b-41d4-a716-446655440281,Nike React Infinity,/images/nike-react.jpg,129.99,6.0,35,active
550e8400-e29b-41d4-a716-446655440282,Nike React Infinity,/images/nike-react.jpg,129.99,6.5,38,active
550e8400-e29b-41d4-a716-446655440283,Nike React Infinity,/images/nike-react.jpg,129.99,7.0,44,active
550e8400-e29b-41d4-a716-446655440284,Nike React Infinity,/images/nike-react.jpg,129.99,7.5,40,active
550e8400-e29b-41d4-a716-446655440285,Nike React Infinity,/images/nike-react.jpg,129.99,8.0,36,active
550e8400-e29b-41d4-a716-446655440286,Nike React Infinity,/images/nike-react.jpg,129.99,8.5,32,active
550e8400-e29b-41d4-a716-446655440287,Nike React Infinity,/images/nike-react.jpg,129.99,9.0,27,active
550e8400-e29b-41d4-a716-446655440288,Nike React Infinity,/images/nike-react.jpg,129.99,9.5,21,active
550e8400-e29b-41d4-a716-446655440289,Nike React Infinity,/images/nike-react.jpg,129.99,10.0,16,active
550e8400-e29b-41d4-a716-446655440290,Nike React Infinity,/images/nike-react.jpg,129.99,11.0,11,active
550e8400-e29b-41d4-a716-446655440291,Salomon Speedcross,/images/salomon-speed.jpg,119.99,5.5,25,active
550e8400-e29b-41d4-a716-446655440292,Salomon Speedcross,/images/salomon-speed.jpg,119.99,6.0,29,active
550e8400-e29b-41d4-a716-446655440293,Salomon Speedcross,/images/salomon-speed.jpg,119.99,6.5,34,active
550e8400-e29b-41d4-a716-446655440294,Salomon Speedcross,/images/salomon-speed.jpg,119.99,7.0,39,active
550e8400-e29b-41d4-a716-446655440295,Salomon Speedcross,/images/salomon-speed.jpg,119.99,7.5,35,active
550e8400-e29b-41d4-a716-446655440296,Salomon Speedcross,/images/salomon-speed.jpg,119.99,8.0,30,active
550e8400-e29b-41d4-a716-446655440297,Salomon Speedcross,/images/salomon-speed.jpg,119.99,8.5,25,active
550e8400-e29b-41d4-a716-446655440298,Salomon Speedcross,/images/salomon-speed.jpg,119.99,9.0,19,active
550e8400-e29b-41d4-a716-446655440299,Salomon Speedcross,/images/salomon-speed.jpg,119.99,9.5,14,active
550e8400-e29b-41d4-a716-446655440300,Salomon Speedcross,/images/salomon-speed.jpg,119.99,10.0,10,active
550e8400-e29b-41d4-a716-446655440301,Timberland 6-Inch,/images/timberland-6.jpg,219.99,6.0,28,active
550e8400-e29b-41d4-a716-446655440302,Timberland 6-Inch,/images/timberland-6.jpg,219.99,6.5,31,active
550e8400-e29b-41d4-a716-446655440303,Timberland 6-Inch,/images/timberland-6.jpg,219.99,7.0,36,active
550e8400-e29b-41d4-a716-446655440304,Timberland 6-Inch,/images/timberland-6.jpg,219.99,7.5,39,active
550e8400-e29b-41d4-a716-446655440305,Timberland 6-Inch,/images/timberland-6.jpg,219.99,8.0,34,active
550e8400-e29b-41d4-a716-446655440306,Timberland 6-Inch,/images/timberland-6.jpg,219.99,8.5,29,active
550e8400-e29b-41d4-a716-446655440307,Timberland 6-Inch,/images/timberland-6.jpg,219.99,9.0,24,active
550e8400-e29b-41d4-a716-446655440308,Timberland 6-Inch,/images/timberland-6.jpg,219.99,9.5,19,active
550e8400-e29b-41d4-a716-446655440309,Timberland 6-Inch,/images/timberland-6.jpg,219.99,10.0,14,active
550e8400-e29b-41d4-a716-446655440310,Timberland 6-Inch,/images/timberland-6.jpg,219.99,11.0,10,active
550e8400-e29b-41d4-a716-446655440311,Nike Zoom Pegasus,/images/nike-pegasus.jpg,139.99,5.5,32,active
550e8400-e29b-41d4-a716-446655440312,Nike Zoom Pegasus,/images/nike-pegasus.jpg,139.99,6.0,36,active
550e8400-e29b-41d4-a716-446655440313,Nike Zoom Pegasus,/images/nike-pegasus.jpg,139.99,6.5,42,active
550e8400-e29b-41d4-a716-446655440314,Nike Zoom Pegasus,/images/nike-pegasus.jpg,139.99,7.0,48,active
550e8400-e29b-41d4-a716-446655440315,Nike Zoom Pegasus,/images/nike-pegasus.jpg,139.99,7.5,44,active
550e8400-e29b-41d4-a716-446655440316,Nike Zoom Pegasus,/images/nike-pegasus.jpg,139.99,8.0,38,active
550e8400-e29b-41d4-a716-446655440317,Nike Zoom Pegasus,/images/nike-pegasus.jpg,139.99,8.5,33,active
550e8400-e29b-41d4-a716-446655440318,Nike Zoom Pegasus,/images/nike-pegasus.jpg,139.99,9.0,27,active
550e8400-e29b-41d4-a716-446655440319,Nike Zoom Pegasus,/images/nike-pegasus.jpg,139.99,9.5,22,active
550e8400-e29b-41d4-a716-446655440320,Nike Zoom Pegasus,/images/nike-pegasus.jpg,139.99,10.0,16,active
550e8400-e29b-41d4-a716-446655440321,Adidas Yeezy Boost 350,/images/adidas-yeezy.jpg,249.99,5.0,12,active
550e8400-e29b-41d4-a716-446655440322,Adidas Yeezy Boost 350,/images/adidas-yeezy.jpg,249.99,5.5,14,active
550e8400-e29b-41d4-a716-446655440323,Adidas Yeezy Boost 350,/images/adidas-yeezy.jpg,249.99,6.0,18,active
550e8400-e29b-41d4-a716-446655440324,Adidas Yeezy Boost 350,/images/adidas-yeezy.jpg,249.99,6.5,21,active
550e8400-e29b-41d4-a716-446655440325,Adidas Yeezy Boost 350,/images/adidas-yeezy.jpg,249.99,7.0,26,active
550e8400-e29b-41d4-a716-446655440326,Adidas Yeezy Boost 350,/images/adidas-yeezy.jpg,249.99,7.5,23,active
550e8400-e29b-41d4-a716-446655440327,Adidas Yeezy Boost 350,/images/adidas-yeezy.jpg,249.99,8.0,20,active
550e8400-e29b-41d4-a716-446655440328,Adidas Yeezy Boost 350,/images/adidas-yeezy.jpg,249.99,8.5,16,active
550e8400-e29b-41d4-a716-446655440329,Adidas Yeezy Boost 350,/images/adidas-yeezy.jpg,249.99,9.0,13,active
550e8400-e29b-41d4-a716-446655440330,Adidas Yeezy Boost 350,/images/adidas-yeezy.jpg,249.99,10.0,9,active
550e8400-e29b-41d4-a716-446655440331,Nike Air Presto,/images/nike-presto.jpg,149.99,5.5,26,active
550e8400-e29b-41d4-a716-446655440332,Nike Air Presto,/images/nike-presto.jpg,149.99,6.0,30,active
550e8400-e29b-41d4-a716-446655440333,Nike Air Presto,/images/nike-presto.jpg,149.99,6.5,35,active
550e8400-e29b-41d4-a716-446655440334,Nike Air Presto,/images/nike-presto.jpg,149.99,7.0,40,active
550e8400-e29b-41d4-a716-446655440335,Nike Air Presto,/images/nike-presto.jpg,149.99,7.5,36,active
550e8400-e29b-41d4-a716-446655440336,Nike Air Presto,/images/nike-presto.jpg,149.99,8.0,31,active
550e8400-e29b-41d4-a716-446655440337,Nike Air Presto,/images/nike-presto.jpg,149.99,8.5,26,active
550e8400-e29b-41d4-a716-446655440338,Nike Air Presto,/images/nike-presto.jpg,149.99,9.0,20,active
550e8400-e29b-41d4-a716-446655440339,Nike Air Presto,/images/nike-presto.jpg,149.99,9.5,15,active
550e8400-e29b-41d4-a716-446655440340,Nike Air Presto,/images/nike-presto.jpg,149.99,10.0,11,active
550e8400-e29b-41d4-a716-446655440341,Gel-Quantum 360,/images/asics-quantum.jpg,109.99,5.5,28,active
550e8400-e29b-41d4-a716-446655440342,Gel-Quantum 360,/images/asics-quantum.jpg,109.99,6.0,32,active
550e8400-e29b-41d4-a716-446655440343,Gel-Quantum 360,/images/asics-quantum.jpg,109.99,6.5,38,active
550e8400-e29b-41d4-a716-446655440344,Gel-Quantum 360,/images/asics-quantum.jpg,109.99,7.0,42,active
550e8400-e29b-41d4-a716-446655440345,Gel-Quantum 360,/images/asics-quantum.jpg,109.99,7.5,39,active
550e8400-e29b-41d4-a716-446655440346,Gel-Quantum 360,/images/asics-quantum.jpg,109.99,8.0,35,active
550e8400-e29b-41d4-a716-446655440347,Gel-Quantum 360,/images/asics-quantum.jpg,109.99,8.5,30,active
550e8400-e29b-41d4-a716-446655440348,Gel-Quantum 360,/images/asics-quantum.jpg,109.99,9.0,24,active
550e8400-e29b-41d4-a716-446655440349,Gel-Quantum 360,/images/asics-quantum.jpg,109.99,9.5,18,active
550e8400-e29b-41d4-a716-446655440350,Gel-Quantum 360,/images/asics-quantum.jpg,109.99,10.0,13,active
550e8400-e29b-41d4-a716-446655440351,Mizuno Wave Creation,/images/mizuno-wave.jpg,129.99,5.5,24,active
550e8400-e29b-41d4-a716-446655440352,Mizuno Wave Creation,/images/mizuno-wave.jpg,129.99,6.0,28,active
550e8400-e29b-41d4-a716-446655440353,Mizuno Wave Creation,/images/mizuno-wave.jpg,129.99,6.5,33,active
550e8400-e29b-41d4-a716-446655440354,Mizuno Wave Creation,/images/mizuno-wave.jpg,129.99,7.0,38,active
550e8400-e29b-41d4-a716-446655440355,Mizuno Wave Creation,/images/mizuno-wave.jpg,129.99,7.5,35,active
550e8400-e29b-41d4-a716-446655440356,Mizuno Wave Creation,/images/mizuno-wave.jpg,129.99,8.0,30,active
550e8400-e29b-41d4-a716-446655440357,Mizuno Wave Creation,/images/mizuno-wave.jpg,129.99,8.5,25,active
550e8400-e29b-41d4-a716-446655440358,Mizuno Wave Creation,/images/mizuno-wave.jpg,129.99,9.0,20,active
550e8400-e29b-41d4-a716-446655440359,Mizuno Wave Creation,/images/mizuno-wave.jpg,129.99,9.5,15,active
550e8400-e29b-41d4-a716-446655440360,Mizuno Wave Creation,/images/mizuno-wave.jpg,129.99,10.0,11,active
550e8400-e29b-41d4-a716-446655440361,Brooks Ghost 14,/images/brooks-ghost.jpg,139.99,5.5,28,active
550e8400-e29b-41d4-a716-446655440362,Brooks Ghost 14,/images/brooks-ghost.jpg,139.99,6.0,32,active
550e8400-e29b-41d4-a716-446655440363,Brooks Ghost 14,/images/brooks-ghost.jpg,139.99,6.5,38,active
550e8400-e29b-41d4-a716-446655440364,Brooks Ghost 14,/images/brooks-ghost.jpg,139.99,7.0,42,active
550e8400-e29b-41d4-a716-446655440365,Brooks Ghost 14,/images/brooks-ghost.jpg,139.99,7.5,39,active
550e8400-e29b-41d4-a716-446655440366,Brooks Ghost 14,/images/brooks-ghost.jpg,139.99,8.0,35,active
550e8400-e29b-41d4-a716-446655440367,Brooks Ghost 14,/images/brooks-ghost.jpg,139.99,8.5,30,active
550e8400-e29b-41d4-a716-446655440368,Brooks Ghost 14,/images/brooks-ghost.jpg,139.99,9.0,24,active
550e8400-e29b-41d4-a716-446655440369,Brooks Ghost 14,/images/brooks-ghost.jpg,139.99,9.5,18,active
550e8400-e29b-41d4-a716-446655440370,Brooks Ghost 14,/images/brooks-ghost.jpg,139.99,10.0,13,active
550e8400-e29b-41d4-a716-446655440371,Hoka OneOne Clifton,/images/hoka-clifton.jpg,149.99,5.5,26,active
550e8400-e29b-41d4-a716-446655440372,Hoka OneOne Clifton,/images/hoka-clifton.jpg,149.99,6.0,30,active
550e8400-e29b-41d4-a716-446655440373,Hoka OneOne Clifton,/images/hoka-clifton.jpg,149.99,6.5,35,active
550e8400-e29b-41d4-a716-446655440374,Hoka OneOne Clifton,/images/hoka-clifton.jpg,149.99,7.0,40,active
550e8400-e29b-41d4-a716-446655440375,Hoka OneOne Clifton,/images/hoka-clifton.jpg,149.99,7.5,36,active
550e8400-e29b-41d4-a716-446655440376,Hoka OneOne Clifton,/images/hoka-clifton.jpg,149.99,8.0,31,active
550e8400-e29b-41d4-a716-446655440377,Hoka OneOne Clifton,/images/hoka-clifton.jpg,149.99,8.5,26,active
550e8400-e29b-41d4-a716-446655440378,Hoka OneOne Clifton,/images/hoka-clifton.jpg,149.99,9.0,20,active
550e8400-e29b-41d4-a716-446655440379,Hoka OneOne Clifton,/images/hoka-clifton.jpg,149.99,9.5,15,active
550e8400-e29b-41d4-a716-446655440380,Hoka OneOne Clifton,/images/hoka-clifton.jpg,149.99,10.0,11,active
550e8400-e29b-41d4-a716-446655440381,New Balance 1080,/images/nb-1080.jpg,159.99,5.5,27,active
550e8400-e29b-41d4-a716-446655440382,New Balance 1080,/images/nb-1080.jpg,159.99,6.0,31,active
550e8400-e29b-41d4-a716-446655440383,New Balance 1080,/images/nb-1080.jpg,159.99,6.5,37,active
550e8400-e29b-41d4-a716-446655440384,New Balance 1080,/images/nb-1080.jpg,159.99,7.0,42,active
550e8400-e29b-41d4-a716-446655440385,New Balance 1080,/images/nb-1080.jpg,159.99,7.5,38,active
550e8400-e29b-41d4-a716-446655440386,New Balance 1080,/images/nb-1080.jpg,159.99,8.0,33,active
550e8400-e29b-41d4-a716-446655440387,New Balance 1080,/images/nb-1080.jpg,159.99,8.5,28,active
550e8400-e29b-41d4-a716-446655440388,New Balance 1080,/images/nb-1080.jpg,159.99,9.0,23,active
550e8400-e29b-41d4-a716-446655440389,New Balance 1080,/images/nb-1080.jpg,159.99,9.5,18,active
550e8400-e29b-41d4-a716-446655440390,New Balance 1080,/images/nb-1080.jpg,159.99,10.0,13,active
550e8400-e29b-41d4-a716-446655440391,Clarks Wallabee,/images/clarks-wallabee.jpg,99.99,5.5,22,active
550e8400-e29b-41d4-a716-446655440392,Clarks Wallabee,/images/clarks-wallabee.jpg,99.99,6.0,26,active
550e8400-e29b-41d4-a716-446655440393,Clarks Wallabee,/images/clarks-wallabee.jpg,99.99,6.5,31,active
550e8400-e29b-41d4-a716-446655440394,Clarks Wallabee,/images/clarks-wallabee.jpg,99.99,7.0,35,active
550e8400-e29b-41d4-a716-446655440395,Clarks Wallabee,/images/clarks-wallabee.jpg,99.99,7.5,32,active
550e8400-e29b-41d4-a716-446655440396,Clarks Wallabee,/images/clarks-wallabee.jpg,99.99,8.0,28,active
550e8400-e29b-41d4-a716-446655440397,Clarks Wallabee,/images/clarks-wallabee.jpg,99.99,8.5,24,active
550e8400-e29b-41d4-a716-446655440398,Clarks Wallabee,/images/clarks-wallabee.jpg,99.99,9.0,18,active
550e8400-e29b-41d4-a716-446655440399,Clarks Wallabee,/images/clarks-wallabee.jpg,99.99,9.5,14,active
550e8400-e29b-41d4-a716-446655440400,Clarks Wallabee,/images/clarks-wallabee.jpg,99.99,10.0,10,active
550e8400-e29b-41d4-a716-446655440401,Adidas Adizero Adios,/images/adidas-adios.jpg,179.99,5.5,20,active
550e8400-e29b-41d4-a716-446655440402,Adidas Adizero Adios,/images/adidas-adios.jpg,179.99,6.0,24,active
550e8400-e29b-41d4-a716-446655440403,Adidas Adizero Adios,/images/adidas-adios.jpg,179.99,6.5,29,active
550e8400-e29b-41d4-a716-446655440404,Adidas Adizero Adios,/images/adidas-adios.jpg,179.99,7.0,34,active
550e8400-e29b-41d4-a716-446655440405,Adidas Adizero Adios,/images/adidas-adios.jpg,179.99,7.5,31,active
550e8400-e29b-41d4-a716-446655440406,Adidas Adizero Adios,/images/adidas-adios.jpg,179.99,8.0,27,active
550e8400-e29b-41d4-a716-446655440407,Adidas Adizero Adios,/images/adidas-adios.jpg,179.99,8.5,22,active
550e8400-e29b-41d4-a716-446655440408,Adidas Adizero Adios,/images/adidas-adios.jpg,179.99,9.0,18,active
550e8400-e29b-41d4-a716-446655440409,Adidas Adizero Adios,/images/adidas-adios.jpg,179.99,9.5,13,active
550e8400-e29b-41d4-a716-446655440410,Adidas Adizero Adios,/images/adidas-adios.jpg,179.99,10.0,10,active
550e8400-e29b-41d4-a716-446655440411,Skechers Go Run,/images/skechers-go.jpg,99.99,5.5,32,active
550e8400-e29b-41d4-a716-446655440412,Skechers Go Run,/images/skechers-go.jpg,99.99,6.0,36,active
550e8400-e29b-41d4-a716-446655440413,Skechers Go Run,/images/skechers-go.jpg,99.99,6.5,42,active
550e8400-e29b-41d4-a716-446655440414,Skechers Go Run,/images/skechers-go.jpg,99.99,7.0,48,active
550e8400-e29b-41d4-a716-446655440415,Skechers Go Run,/images/skechers-go.jpg,99.99,7.5,44,active
550e8400-e29b-41d4-a716-446655440416,Skechers Go Run,/images/skechers-go.jpg,99.99,8.0,38,active
550e8400-e29b-41d4-a716-446655440417,Skechers Go Run,/images/skechers-go.jpg,99.99,8.5,33,active
550e8400-e29b-41d4-a716-446655440418,Skechers Go Run,/images/skechers-go.jpg,99.99,9.0,27,active
550e8400-e29b-41d4-a716-446655440419,Skechers Go Run,/images/skechers-go.jpg,99.99,9.5,22,active
550e8400-e29b-41d4-a716-446655440420,Skechers Go Run,/images/skechers-go.jpg,99.99,10.0,16,active
550e8400-e29b-41d4-a716-446655440421,Puma Cell Range,/images/puma-cell.jpg,109.99,5.5,25,active
550e8400-e29b-41d4-a716-446655440422,Puma Cell Range,/images/puma-cell.jpg,109.99,6.0,29,active
550e8400-e29b-41d4-a716-446655440423,Puma Cell Range,/images/puma-cell.jpg,109.99,6.5,34,active
550e8400-e29b-41d4-a716-446655440424,Puma Cell Range,/images/puma-cell.jpg,109.99,7.0,39,active
550e8400-e29b-41d4-a716-446655440425,Puma Cell Range,/images/puma-cell.jpg,109.99,7.5,35,active
550e8400-e29b-41d4-a716-446655440426,Puma Cell Range,/images/puma-cell.jpg,109.99,8.0,30,active
550e8400-e29b-41d4-a716-446655440427,Puma Cell Range,/images/puma-cell.jpg,109.99,8.5,25,active
550e8400-e29b-41d4-a716-446655440428,Puma Cell Range,/images/puma-cell.jpg,109.99,9.0,20,active
550e8400-e29b-41d4-a716-446655440429,Puma Cell Range,/images/puma-cell.jpg,109.99,9.5,15,active
550e8400-e29b-41d4-a716-446655440430,Puma Cell Range,/images/puma-cell.jpg,109.99,10.0,11,active
550e8400-e29b-41d4-a716-446655440431,Dr. Martens 1460,/images/dr-martens.jpg,189.99,5.0,15,active
550e8400-e29b-41d4-a716-446655440432,Dr. Martens 1460,/images/dr-martens.jpg,189.99,5.5,17,active
550e8400-e29b-41d4-a716-446655440433,Dr. Martens 1460,/images/dr-martens.jpg,189.99,6.0,22,active
550e8400-e29b-41d4-a716-446655440434,Dr. Martens 1460,/images/dr-martens.jpg,189.99,6.5,26,active
550e8400-e29b-41d4-a716-446655440435,Dr. Martens 1460,/images/dr-martens.jpg,189.99,7.0,23,active
550e8400-e29b-41d4-a716-446655440436,Dr. Martens 1460,/images/dr-martens.jpg,189.99,7.5,20,active
550e8400-e29b-41d4-a716-446655440437,Dr. Martens 1460,/images/dr-martens.jpg,189.99,8.0,16,active
550e8400-e29b-41d4-a716-446655440438,Dr. Martens 1460,/images/dr-martens.jpg,189.99,8.5,12,active
550e8400-e29b-41d4-a716-446655440439,Dr. Martens 1460,/images/dr-martens.jpg,189.99,9.0,10,active
550e8400-e29b-41d4-a716-446655440440,Dr. Martens 1460,/images/dr-martens.jpg,189.99,10.0,7,active
550e8400-e29b-41d4-a716-446655440441,Saucony Omni 20,/images/saucony-omni.jpg,119.99,5.5,28,active
550e8400-e29b-41d4-a716-446655440442,Saucony Omni 20,/images/saucony-omni.jpg,119.99,6.0,32,active
550e8400-e29b-41d4-a716-446655440443,Saucony Omni 20,/images/saucony-omni.jpg,119.99,6.5,38,active
550e8400-e29b-41d4-a716-446655440444,Saucony Omni 20,/images/saucony-omni.jpg,119.99,7.0,42,active
550e8400-e29b-41d4-a716-446655440445,Saucony Omni 20,/images/saucony-omni.jpg,119.99,7.5,39,active
550e8400-e29b-41d4-a716-446655440446,Saucony Omni 20,/images/saucony-omni.jpg,119.99,8.0,35,active
550e8400-e29b-41d4-a716-446655440447,Saucony Omni 20,/images/saucony-omni.jpg,119.99,8.5,30,active
550e8400-e29b-41d4-a716-446655440448,Saucony Omni 20,/images/saucony-omni.jpg,119.99,9.0,24,active
550e8400-e29b-41d4-a716-446655440449,Saucony Omni 20,/images/saucony-omni.jpg,119.99,9.5,18,active
550e8400-e29b-41d4-a716-446655440450,Saucony Omni 20,/images/saucony-omni.jpg,119.99,10.0,13,active
550e8400-e29b-41d4-a716-446655440451,Cole Haan Zerogrand,/images/cole-haan.jpg,179.99,5.5,18,active
550e8400-e29b-41d4-a716-446655440452,Cole Haan Zerogrand,/images/cole-haan.jpg,179.99,6.0,22,active
550e8400-e29b-41d4-a716-446655440453,Cole Haan Zerogrand,/images/cole-haan.jpg,179.99,6.5,27,active
550e8400-e29b-41d4-a716-446655440454,Cole Haan Zerogrand,/images/cole-haan.jpg,179.99,7.0,32,active
550e8400-e29b-41d4-a716-446655440455,Cole Haan Zerogrand,/images/cole-haan.jpg,179.99,7.5,29,active
550e8400-e29b-41d4-a716-446655440456,Cole Haan Zerogrand,/images/cole-haan.jpg,179.99,8.0,25,active
550e8400-e29b-41d4-a716-446655440457,Cole Haan Zerogrand,/images/cole-haan.jpg,179.99,8.5,20,active
550e8400-e29b-41d4-a716-446655440458,Cole Haan Zerogrand,/images/cole-haan.jpg,179.99,9.0,16,active
550e8400-e29b-41d4-a716-446655440459,Cole Haan Zerogrand,/images/cole-haan.jpg,179.99,9.5,12,active
550e8400-e29b-41d4-a716-446655440460,Cole Haan Zerogrand,/images/cole-haan.jpg,179.99,10.0,9,active
550e8400-e29b-41d4-a716-446655440461,Under Armour Spawn,/images/underarmor-spawn.jpg,129.99,6.0,26,active
550e8400-e29b-41d4-a716-446655440462,Under Armour Spawn,/images/underarmor-spawn.jpg,129.99,6.5,30,active
550e8400-e29b-41d4-a716-446655440463,Under Armour Spawn,/images/underarmor-spawn.jpg,129.99,7.0,36,active
550e8400-e29b-41d4-a716-446655440464,Under Armour Spawn,/images/underarmor-spawn.jpg,129.99,7.5,40,active
550e8400-e29b-41d4-a716-446655440465,Under Armour Spawn,/images/underarmor-spawn.jpg,129.99,8.0,35,active
550e8400-e29b-41d4-a716-446655440466,Under Armour Spawn,/images/underarmor-spawn.jpg,129.99,8.5,31,active
550e8400-e29b-41d4-a716-446655440467,Under Armour Spawn,/images/underarmor-spawn.jpg,129.99,9.0,26,active
550e8400-e29b-41d4-a716-446655440468,Under Armour Spawn,/images/underarmor-spawn.jpg,129.99,9.5,21,active
550e8400-e29b-41d4-a716-446655440469,Under Armour Spawn,/images/underarmor-spawn.jpg,129.99,10.0,16,active
550e8400-e29b-41d4-a716-446655440470,Under Armour Spawn,/images/underarmor-spawn.jpg,129.99,11.0,11,active
550e8400-e29b-41d4-a716-446655440471,Sperry Top-Sider,/images/sperry.jpg,99.95,5.5,20,active
550e8400-e29b-41d4-a716-446655440472,Sperry Top-Sider,/images/sperry.jpg,99.95,6.0,24,active
550e8400-e29b-41d4-a716-446655440473,Sperry Top-Sider,/images/sperry.jpg,99.95,6.5,29,active
550e8400-e29b-41d4-a716-446655440474,Sperry Top-Sider,/images/sperry.jpg,99.95,7.0,34,active
550e8400-e29b-41d4-a716-446655440475,Sperry Top-Sider,/images/sperry.jpg,99.95,7.5,31,active
550e8400-e29b-41d4-a716-446655440476,Sperry Top-Sider,/images/sperry.jpg,99.95,8.0,27,active
550e8400-e29b-41d4-a716-446655440477,Sperry Top-Sider,/images/sperry.jpg,99.95,8.5,22,active
550e8400-e29b-41d4-a716-446655440478,Sperry Top-Sider,/images/sperry.jpg,99.95,9.0,18,active
550e8400-e29b-41d4-a716-446655440479,Sperry Top-Sider,/images/sperry.jpg,99.95,9.5,13,active
550e8400-e29b-41d4-a716-446655440480,Sperry Top-Sider,/images/sperry.jpg,99.95,10.0,10,active
550e8400-e29b-41d4-a716-446655440481,Merrell Moab 2,/images/merrell-moab.jpg,134.99,5.5,24,active
550e8400-e29b-41d4-a716-446655440482,Merrell Moab 2,/images/merrell-moab.jpg,134.99,6.0,28,active
550e8400-e29b-41d4-a716-446655440483,Merrell Moab 2,/images/merrell-moab.jpg,134.99,6.5,33,active
550e8400-e29b-41d4-a716-446655440484,Merrell Moab 2,/images/merrell-moab.jpg,134.99,7.0,38,active
550e8400-e29b-41d4-a716-446655440485,Merrell Moab 2,/images/merrell-moab.jpg,134.99,7.5,35,active
550e8400-e29b-41d4-a716-446655440486,Merrell Moab 2,/images/merrell-moab.jpg,134.99,8.0,30,active
550e8400-e29b-41d4-a716-446655440487,Merrell Moab 2,/images/merrell-moab.jpg,134.99,8.5,25,active
550e8400-e29b-41d4-a716-446655440488,Merrell Moab 2,/images/merrell-moab.jpg,134.99,9.0,20,active
550e8400-e29b-41d4-a716-446655440489,Merrell Moab 2,/images/merrell-moab.jpg,134.99,9.5,15,active
550e8400-e29b-41d4-a716-446655440490,Merrell Moab 2,/images/merrell-moab.jpg,134.99,10.0,11,active
550e8400-e29b-41d4-a716-446655440491,Columbia Newton Ridge,/images/columbia-newton.jpg,139.99,6.0,20,active
550e8400-e29b-41d4-a716-446655440492,Columbia Newton Ridge,/images/columbia-newton.jpg,139.99,6.5,23,active
550e8400-e29b-41d4-a716-446655440493,Columbia Newton Ridge,/images/columbia-newton.jpg,139.99,7.0,28,active
550e8400-e29b-41d4-a716-446655440494,Columbia Newton Ridge,/images/columbia-newton.jpg,139.99,7.5,31,active
550e8400-e29b-41d4-a716-446655440495,Columbia Newton Ridge,/images/columbia-newton.jpg,139.99,8.0,27,active
550e8400-e29b-41d4-a716-446655440496,Columbia Newton Ridge,/images/columbia-newton.jpg,139.99,8.5,23,active
550e8400-e29b-41d4-a716-446655440497,Columbia Newton Ridge,/images/columbia-newton.jpg,139.99,9.0,18,active
550e8400-e29b-41d4-a716-446655440498,Columbia Newton Ridge,/images/columbia-newton.jpg,139.99,9.5,14,active
550e8400-e29b-41d4-a716-446655440499,Columbia Newton Ridge,/images/columbia-newton.jpg,139.99,10.0,11,active
550e8400-e29b-41d4-a716-446655440500,Columbia Newton Ridge,/images/columbia-newton.jpg,139.99,11.0,8,active
550e8400-e29b-41d4-a716-446655440501,Crocs Cozzzy,/images/crocs-cozzzy.jpg,79.99,5.0,55,active
550e8400-e29b-41d4-a716-446655440502,Crocs Cozzzy,/images/crocs-cozzzy.jpg,79.99,5.5,58,active
550e8400-e29b-41d4-a716-446655440503,Crocs Cozzzy,/images/crocs-cozzzy.jpg,79.99,6.0,65,active
550e8400-e29b-41d4-a716-446655440504,Crocs Cozzzy,/images/crocs-cozzzy.jpg,79.99,6.5,70,active
550e8400-e29b-41d4-a716-446655440505,Crocs Cozzzy,/images/crocs-cozzzy.jpg,79.99,7.0,72,active
550e8400-e29b-41d4-a716-446655440506,Crocs Cozzzy,/images/crocs-cozzzy.jpg,79.99,7.5,68,active
550e8400-e29b-41d4-a716-446655440507,Crocs Cozzzy,/images/crocs-cozzzy.jpg,79.99,8.0,62,active
550e8400-e29b-41d4-a716-446655440508,Crocs Cozzzy,/images/crocs-cozzzy.jpg,79.99,8.5,55,active
550e8400-e29b-41d4-a716-446655440509,Crocs Cozzzy,/images/crocs-cozzzy.jpg,79.99,9.0,48,active
550e8400-e29b-41d4-a716-446655440510,Crocs Cozzzy,/images/crocs-cozzzy.jpg,79.99,10.0,38,active
550e8400-e29b-41d4-a716-446655440511,Adidas EQT Support,/images/adidas-eqt.jpg,129.99,5.5,26,active
550e8400-e29b-41d4-a716-446655440512,Adidas EQT Support,/images/adidas-eqt.jpg,129.99,6.0,30,active
550e8400-e29b-41d4-a716-446655440513,Adidas EQT Support,/images/adidas-eqt.jpg,129.99,6.5,35,active
550e8400-e29b-41d4-a716-446655440514,Adidas EQT Support,/images/adidas-eqt.jpg,129.99,7.0,40,active
550e8400-e29b-41d4-a716-446655440515,Adidas EQT Support,/images/adidas-eqt.jpg,129.99,7.5,36,active
550e8400-e29b-41d4-a716-446655440516,Adidas EQT Support,/images/adidas-eqt.jpg,129.99,8.0,31,active
550e8400-e29b-41d4-a716-446655440517,Adidas EQT Support,/images/adidas-eqt.jpg,129.99,8.5,26,active
550e8400-e29b-41d4-a716-446655440518,Adidas EQT Support,/images/adidas-eqt.jpg,129.99,9.0,20,active
550e8400-e29b-41d4-a716-446655440519,Adidas EQT Support,/images/adidas-eqt.jpg,129.99,9.5,15,active
550e8400-e29b-41d4-a716-446655440520,Adidas EQT Support,/images/adidas-eqt.jpg,129.99,10.0,11,active
550e8400-e29b-41d4-a716-446655440521,Vans Authentic,/images/vans-authentic.jpg,59.95,5.5,42,active
550e8400-e29b-41d4-a716-446655440522,Vans Authentic,/images/vans-authentic.jpg,59.95,6.0,48,active
550e8400-e29b-41d4-a716-446655440523,Vans Authentic,/images/vans-authentic.jpg,59.95,6.5,54,active
550e8400-e29b-41d4-a716-446655440524,Vans Authentic,/images/vans-authentic.jpg,59.95,7.0,60,active
550e8400-e29b-41d4-a716-446655440525,Vans Authentic,/images/vans-authentic.jpg,59.95,7.5,56,active
550e8400-e29b-41d4-a716-446655440526,Vans Authentic,/images/vans-authentic.jpg,59.95,8.0,50,active
550e8400-e29b-41d4-a716-446655440527,Vans Authentic,/images/vans-authentic.jpg,59.95,8.5,44,active
550e8400-e29b-41d4-a716-446655440528,Vans Authentic,/images/vans-authentic.jpg,59.95,9.0,38,active
550e8400-e29b-41d4-a716-446655440529,Vans Authentic,/images/vans-authentic.jpg,59.95,9.5,32,active
550e8400-e29b-41d4-a716-446655440530,Vans Authentic,/images/vans-authentic.jpg,59.95,10.0,26,active
550e8400-e29b-41d4-a716-446655440531,Nike Shox R4,/images/nike-shox.jpg,139.99,5.5,22,active
550e8400-e29b-41d4-a716-446655440532,Nike Shox R4,/images/nike-shox.jpg,139.99,6.0,26,active
550e8400-e29b-41d4-a716-446655440533,Nike Shox R4,/images/nike-shox.jpg,139.99,6.5,31,active
550e8400-e29b-41d4-a716-446655440534,Nike Shox R4,/images/nike-shox.jpg,139.99,7.0,36,active
550e8400-e29b-41d4-a716-446655440535,Nike Shox R4,/images/nike-shox.jpg,139.99,7.5,32,active
550e8400-e29b-41d4-a716-446655440536,Nike Shox R4,/images/nike-shox.jpg,139.99,8.0,28,active
550e8400-e29b-41d4-a716-446655440537,Nike Shox R4,/images/nike-shox.jpg,139.99,8.5,24,active
550e8400-e29b-41d4-a716-446655440538,Nike Shox R4,/images/nike-shox.jpg,139.99,9.0,19,active
550e8400-e29b-41d4-a716-446655440539,Nike Shox R4,/images/nike-shox.jpg,139.99,9.5,15,active
550e8400-e29b-41d4-a716-446655440540,Nike Shox R4,/images/nike-shox.jpg,139.99,10.0,11,active
550e8400-e29b-41d4-a716-446655440541,Adidas D.O.N Issue 4,/images/adidas-don.jpg,149.99,5.5,20,active
550e8400-e29b-41d4-a716-446655440542,Adidas D.O.N Issue 4,/images/adidas-don.jpg,149.99,6.0,24,active
550e8400-e29b-41d4-a716-446655440543,Adidas D.O.N Issue 4,/images/adidas-don.jpg,149.99,6.5,29,active
550e8400-e29b-41d4-a716-446655440544,Adidas D.O.N Issue 4,/images/adidas-don.jpg,149.99,7.0,34,active
550e8400-e29b-41d4-a716-446655440545,Adidas D.O.N Issue 4,/images/adidas-don.jpg,149.99,7.5,31,active
550e8400-e29b-41d4-a716-446655440546,Adidas D.O.N Issue 4,/images/adidas-don.jpg,149.99,8.0,27,active
550e8400-e29b-41d4-a716-446655440547,Adidas D.O.N Issue 4,/images/adidas-don.jpg,149.99,8.5,22,active
550e8400-e29b-41d4-a716-446655440548,Adidas D.O.N Issue 4,/images/adidas-don.jpg,149.99,9.0,18,active
550e8400-e29b-41d4-a716-446655440549,Adidas D.O.N Issue 4,/images/adidas-don.jpg,149.99,9.5,13,active
550e8400-e29b-41d4-a716-446655440550,Adidas D.O.N Issue 4,/images/adidas-don.jpg,149.99,10.0,10,active
550e8400-e29b-41d4-a716-446655440551,Puma Basket Classic,/images/puma-basket.jpg,79.99,5.5,28,active
550e8400-e29b-41d4-a716-446655440552,Puma Basket Classic,/images/puma-basket.jpg,79.99,6.0,32,active
550e8400-e29b-41d4-a716-446655440553,Puma Basket Classic,/images/puma-basket.jpg,79.99,6.5,38,active
550e8400-e29b-41d4-a716-446655440554,Puma Basket Classic,/images/puma-basket.jpg,79.99,7.0,44,active
550e8400-e29b-41d4-a716-446655440555,Puma Basket Classic,/images/puma-basket.jpg,79.99,7.5,40,active
550e8400-e29b-41d4-a716-446655440556,Puma Basket Classic,/images/puma-basket.jpg,79.99,8.0,34,active
550e8400-e29b-41d4-a716-446655440557,Puma Basket Classic,/images/puma-basket.jpg,79.99,8.5,28,active
550e8400-e29b-41d4-a716-446655440558,Puma Basket Classic,/images/puma-basket.jpg,79.99,9.0,22,active
550e8400-e29b-41d4-a716-446655440559,Puma Basket Classic,/images/puma-basket.jpg,79.99,9.5,16,active
550e8400-e29b-41d4-a716-446655440560,Puma Basket Classic,/images/puma-basket.jpg,79.99,10.0,12,active
550e8400-e29b-41d4-a716-446655440561,Saucony Jazz Original,/images/saucony-jazz.jpg,69.99,5.5,32,active
550e8400-e29b-41d4-a716-446655440562,Saucony Jazz Original,/images/saucony-jazz.jpg,69.99,6.0,36,active
550e8400-e29b-41d4-a716-446655440563,Saucony Jazz Original,/images/saucony-jazz.jpg,69.99,6.5,42,active
550e8400-e29b-41d4-a716-446655440564,Saucony Jazz Original,/images/saucony-jazz.jpg,69.99,7.0,48,active
550e8400-e29b-41d4-a716-446655440565,Saucony Jazz Original,/images/saucony-jazz.jpg,69.99,7.5,44,active
550e8400-e29b-41d4-a716-446655440566,Saucony Jazz Original,/images/saucony-jazz.jpg,69.99,8.0,38,active
550e8400-e29b-41d4-a716-446655440567,Saucony Jazz Original,/images/saucony-jazz.jpg,69.99,8.5,33,active
550e8400-e29b-41d4-a716-446655440568,Saucony Jazz Original,/images/saucony-jazz.jpg,69.99,9.0,27,active
550e8400-e29b-41d4-a716-446655440569,Saucony Jazz Original,/images/saucony-jazz.jpg,69.99,9.5,22,active
550e8400-e29b-41d4-a716-446655440570,Saucony Jazz Original,/images/saucony-jazz.jpg,69.99,10.0,16,active
550e8400-e29b-41d4-a716-446655440571,New Balance 327,/images/nb-327.jpg,99.99,5.5,26,active
550e8400-e29b-41d4-a716-446655440572,New Balance 327,/images/nb-327.jpg,99.99,6.0,30,active
550e8400-e29b-41d4-a716-446655440573,New Balance 327,/images/nb-327.jpg,99.99,6.5,36,active
550e8400-e29b-41d4-a716-446655440574,New Balance 327,/images/nb-327.jpg,99.99,7.0,42,active
550e8400-e29b-41d4-a716-446655440575,New Balance 327,/images/nb-327.jpg,99.99,7.5,38,active
550e8400-e29b-41d4-a716-446655440576,New Balance 327,/images/nb-327.jpg,99.99,8.0,33,active
550e8400-e29b-41d4-a716-446655440577,New Balance 327,/images/nb-327.jpg,99.99,8.5,28,active
550e8400-e29b-41d4-a716-446655440578,New Balance 327,/images/nb-327.jpg,99.99,9.0,23,active
550e8400-e29b-41d4-a716-446655440579,New Balance 327,/images/nb-327.jpg,99.99,9.5,18,active
550e8400-e29b-41d4-a716-446655440580,New Balance 327,/images/nb-327.jpg,99.99,10.0,13,active
550e8400-e29b-41d4-a716-446655440581,Puma Clyde Court,/images/puma-clyde.jpg,119.99,5.5,22,active
550e8400-e29b-41d4-a716-446655440582,Puma Clyde Court,/images/puma-clyde.jpg,119.99,6.0,26,active
550e8400-e29b-41d4-a716-446655440583,Puma Clyde Court,/images/puma-clyde.jpg,119.99,6.5,31,active
550e8400-e29b-41d4-a716-446655440584,Puma Clyde Court,/images/puma-clyde.jpg,119.99,7.0,37,active
550e8400-e29b-41d4-a716-446655440585,Puma Clyde Court,/images/puma-clyde.jpg,119.99,7.5,33,active
550e8400-e29b-41d4-a716-446655440586,Puma Clyde Court,/images/puma-clyde.jpg,119.99,8.0,28,active
550e8400-e29b-41d4-a716-446655440587,Puma Clyde Court,/images/puma-clyde.jpg,119.99,8.5,23,active
550e8400-e29b-41d4-a716-446655440588,Puma Clyde Court,/images/puma-clyde.jpg,119.99,9.0,18,active
550e8400-e29b-41d4-a716-446655440589,Puma Clyde Court,/images/puma-clyde.jpg,119.99,9.5,14,active
550e8400-e29b-41d4-a716-446655440590,Puma Clyde Court,/images/puma-clyde.jpg,119.99,10.0,10,active
550e8400-e29b-41d4-a716-446655440591,Nike Lebron 20,/images/nike-lebron.jpg,189.99,6.0,18,active
550e8400-e29b-41d4-a716-446655440592,Nike Lebron 20,/images/nike-lebron.jpg,189.99,6.5,21,active
550e8400-e29b-41d4-a716-446655440593,Nike Lebron 20,/images/nike-lebron.jpg,189.99,7.0,26,active
550e8400-e29b-41d4-a716-446655440594,Nike Lebron 20,/images/nike-lebron.jpg,189.99,7.5,28,active
550e8400-e29b-41d4-a716-446655440595,Nike Lebron 20,/images/nike-lebron.jpg,189.99,8.0,24,active
550e8400-e29b-41d4-a716-446655440596,Nike Lebron 20,/images/nike-lebron.jpg,189.99,8.5,20,active
550e8400-e29b-41d4-a716-446655440597,Nike Lebron 20,/images/nike-lebron.jpg,189.99,9.0,16,active
550e8400-e29b-41d4-a716-446655440598,Nike Lebron 20,/images/nike-lebron.jpg,189.99,9.5,12,active
550e8400-e29b-41d4-a716-446655440599,Nike Lebron 20,/images/nike-lebron.jpg,189.99,10.0,9,active
550e8400-e29b-41d4-a716-446655440600,Nike Lebron 20,/images/nike-lebron.jpg,189.99,11.0,6,active
550e8400-e29b-41d4-a716-446655440601,Adidas Alpha Bounce,/images/adidas-alpha.jpg,119.99,5.5,24,active
550e8400-e29b-41d4-a716-446655440602,Adidas Alpha Bounce,/images/adidas-alpha.jpg,119.99,6.0,28,active
550e8400-e29b-41d4-a716-446655440603,Adidas Alpha Bounce,/images/adidas-alpha.jpg,119.99,6.5,33,active
550e8400-e29b-41d4-a716-446655440604,Adidas Alpha Bounce,/images/adidas-alpha.jpg,119.99,7.0,38,active
550e8400-e29b-41d4-a716-446655440605,Adidas Alpha Bounce,/images/adidas-alpha.jpg,119.99,7.5,34,active
550e8400-e29b-41d4-a716-446655440606,Adidas Alpha Bounce,/images/adidas-alpha.jpg,119.99,8.0,29,active
550e8400-e29b-41d4-a716-446655440607,Adidas Alpha Bounce,/images/adidas-alpha.jpg,119.99,8.5,24,active
550e8400-e29b-41d4-a716-446655440608,Adidas Alpha Bounce,/images/adidas-alpha.jpg,119.99,9.0,19,active
550e8400-e29b-41d4-a716-446655440609,Adidas Alpha Bounce,/images/adidas-alpha.jpg,119.99,9.5,14,active
550e8400-e29b-41d4-a716-446655440610,Adidas Alpha Bounce,/images/adidas-alpha.jpg,119.99,10.0,10,active
